# type (r[1-9];w;u),circuit,name,[comment],[QQ],ZZ,PBSB,[ID],field1,part (m/s),datatypes/templates,divider/values,unit,comment,field2,part (m/s),datatypes/templates,divider/values,unit,comment,field3,part (m/s),datatypes/templates,divider/values,unit,comment
#,,CTLV2, sensoCOMFORT VRC 720/2 (SW 0514),,,,,,,,,,
# ##### General #####,,,,,,,,,,,,,
*r,,,,,,B524,02000000,,,IGN:4,,,
*w,,,,,,B524,02010000,,,,,,
r,,HwcBivalencePoint,,,,,0100,,,tempv,,,Bivalence point hot water heating
r;w,,ContinousHeating,continous heating,,,,0200,,,tempv,,,"-26=off, when the outside temperature falls below this threshold temperature the continuous heating function is started (off <=> function is disabled)"
r;w,,FrostOverrideTime,frost delay time,,,,0300,,,hoursum2,,,delay before frost protection is activated
r,,xUnknown04,(constant 0),,,,0400,,,UIN,,,
r;w,,GlobalSystemOff,Global System OFF,,,,0700,,,yesno,,,For switching system off
r,,xUnknown08,(constant off),,,,0800,,,onoff,,,
r,,xUnknown09,"(constant off, on in cooling mode)",,,,0900,,,onoff,,,
r;w,,HwcParallelLoading,hwc parallel loading,,,,0A00,,,onoff,,,heating and hot water parallel
r,,xUnknown0B,(constant 0),,,,0B00,,,SIN,,,
r;w,,MaxRoomHumidity,max room humidity,,,,0E00,,,UIN,,,maximum room humidity
r,,HybridManager,,,,,0F00,,,UCH,0=Trivalence (tariff based);1=Bivalence (Outside temperature based),,Tri/Bi-valence manager
r,,TariffAuxHeater,,,,,1000,,,UIN,, ,Secondary heater tariff value
*r,,,,,,B524,,,,,,,,,,,,,,,,,,,,,,,,,
r,,TariffPrimHeaterLow,,,,,020000001100,tariff type,,UCH,, ,Tariff levels,ignore,,IGN:3,,,,low tariff,,UIN,,,Primary heater low tariff value 
*r,,,,,,B524,02000000,,,IGN:4,,,
*w,,,,,,B524,02010000,,,,,,
r,,TariffPrimHeaterNormal,,,,,1200,,,UIN,, ,Primary heater normal tariff value
r,,xUnknown13,"(constant 0, 2 in cooling mode)",,,,1300,,,UIN,,,
r;w,,AdaptHeatCurve,adaptive heat curve,,,,1400,,,yesno,,,automatic correction of configured heat curve
r,,xUnknown15,"(constant 0, on in cooling mode)",,,,1500,,,onoff,,,
r;w,,HwcMaxChargeTime,maximale hot water charging time,,,,1700,,,minutes2,,,maximum cylinder charging time
r;w,,HwcLockTime,hwc lock time,,,,1800,,,minutes2,,,Lock time hot water current
r;w,,SolarFlowRateQuantity,,,,,1900,,,EXP,,l/min,preset flow rate solar circuit for solar yield calculation
r;w,,PumpAdditionalTime,pump additional time,,,,1B00,,,minutes2,,,chargepump additional operationtime
r,,xUnknown1C,(constant 80),,,,1C00,,,EXP,,,
r,,xUnknown1E,(constant on),,,,1E00,,,onoff,,,
r;w,,HcAlternativePoint,,,,,2200,,,tempv,,,exclusively alternate heating below alternative point (-21=off)
r;w,,HcBivalencePoint,,,,,2300,,,tempv,,,Bivalence point heating
r;w,,BackupBoiler,,,,,2400,,,backmode2,,,Function of back-up boiler (Off/Hc/Hwc/Hc+Hwc)
r,,xUnknown25,(konstant 0),,,,2500,,,SIN,,,
r,,HcEmergencyTemperature,,,,,2600,,,tempv,,,Emergency operation temperature
r;w,,HwcChargeHysteresis,hysteresis cylinder charge,,,,2700,,,calibrationv,,,hysteris storage tank loading
r;w,,HwcChargeOffset,offset cylinder charge,,,,2900,,,calibrationv,,,storage tank loading
r;w,,HwcLegionellaTime,,,,,2A00,,,HTM,,,Time hot water legionella run is scheduled (when HwcLegionellaDay is not 0)
r;w,,HwcLegionellaDay,,,,,2B00,,,daysel2,,,Day hot water legionella run is scheduled
r;w,,MaintenanceDate,next maintenance,,,,2C00,,,date,,,date next maintenance
r;w,,OffsetOutsideTemp,,,,,2D00,,,tempv,,K,Offset outside temperature (used to determined DisplayedOutsideTemp)
r;w,,FM5Config,,,,,2F00,,,UIN,,,FM5 VR71 module configuration (possible range 1-11 for VRC720 and FM5 used values are 1 2 3 and 6)
r,,xUnknown31,"(constant 0, 5 in cooling mode)",,,,3100,,,SIN,,,
r;w,,Date,date,,,,3400,,,date,,,current date
r;w,,Time,time,,,,3500,,,HTI,,,current time
r;w,,HydraulicScheme,system schema,,,,3600,,,UIN,,,system scheme
r;w,,CoolingOutsideTempThreshold,,,,,3800,,,tempv,,,Activate Cooling when average outside temperature exceeds threshold
r,,WaterPressure,water pressure,,,,3900,,,pressv,,,water pressure
r,,DewPointOffset,,,,,3A00,,,tempv,,,Subtract from z1RoomTemp to get dew point
r,,xUnknown3C,(constant 0),,,,3C00,,,onoff,,,
r;w,,SolarYieldTotal,total solar yield,,,,3D00,,,energy4,,,solar yield total
r;w,,YieldTotal,total environmental yield,,,,3E00,,,energy4,,,envrionment yield total
r;w,,ESCOBlockFunction,,,,,4500,,,escomode,,,Function to deactivate when Energy Supply Company sends a blocking signal
r;w,,HwcMaxFlowTempDesired,hwc max flow temp desired,,,,4600,,,tempv,,,maximum flow temperature setpoint of Hwc
r,,xUnknown47,(constant off),,,,4700,,,onoff,,,
r,,xUnknown48,"(constant 1, 0 in standby, 2 in cooling)",,,,4800,,,UIN,,,0100 before SWW run/0300 during SWW run
r,,xUnknown4A,(constant 0),,,,4A00,,,onoff,,,
r,,SystemFlowTemp,system flow temp,,,,4B00,,,tempv,,,system flow temperature
r;w,,MultiRelaySetting,multifunction relay setting,,,,4D00,,,mamode,,,
r;w,,PrFuelSumHcThisMonth,this months fuel consumption heating,,,,4E00,,,energy4,,,current month fuel consumption heating
r;w,,PrEnergySumHcThisMonth,this months energy consumption heating,,,,4F00,,,energy4,,,current month electricity consumption heating
r;w,,PrEnergySumHwcThisMonth,this months energy consumption hot water,,,,5000,,,energy4,,,current month electricity consumption hot water
r;w,,PrFuelSumHwcThisMonth,this months fuel consumption hot water,,,,5100,,,energy4,,,Current Month fuel consumption hot water
r;w,,PrFuelSumHcLastMonth,last months fuel consumption heating,,,,5200,,,energy4,,,last month fuel consumption heating
r;w,,PrEnergySumHcLastMonth,last months energy consumption heating,,,,5300,,,energy4,,,last month electricity consumption heating
r;w,,PrEnergySumHwcLastMonth,last months energy consumption hot water,,,,5400,,,energy4,,,last month electricity consumption hot water
r;w,,PrFuelSumHwcLastMonth,last months fuel consumption hot water,,,,5500,,,energy4,,,last month fuel consumption hot water
r;w,,PrFuelSumHc,total fuel consumption heating,,,,5600,,,energy4,,,total year fuel consumption heating
r;w,,PrEnergySumHc,total energy consumption heating,,,,5700,,,energy4,,,total year electricity consumption heating
r;w,,PrEnergySumHwc,total energy consumption hot water,,,,5800,,,energy4,,,total year electricity consumption hot water
r;w,,PrFuelSumHwc,total fuel consumption hot water,,,,5900,,,energy4,,,total year fuel consumption hot water
r;w,,PrEnergySum,total energy consumption,,,,5C00,,,energy4,,,total year electricity consumption
r;w,,PrFuelSum,total fuel consumption,,,,5D00,,,energy4,,,total year fuel consumption
r,,xUnknown60,"(constant 12, 0 in cooling mode)",,,,6000,,,SIN,,,
r,,xUnknown61,(constant 0),,,,6100,,,SIN,,,
r,,xUnknown65,(constant 0),,,,6500,,,SIN,,,
r;w,,xUnknown67,(VR70 konfig 1),,,,6700,,,tempv,,,
r;w,,xUnknown68,(VR70 konfig 1),,,,6800,,,tempv,,,
r;w,,MultiInputSetting,multifunction input configuration,,,,6A00,,,UIN,0=not connected;1=1x circulation;2=photovoltaics;3=Ext.Cooling,,
r;w,,Installer1,installer name 1,,,,6C00,,,STR:*,,,installer's name
r;w,,Installer2,installer name 2,,,,6D00,,,STR:*,,,installer's name
r;w,,PhoneNumber1,phone number 1,,,,6F00,,,STR:*,,,installer's telephone number
r;w,,PhoneNumber2,phone number 2,,,,7000,,,STR:*,,,installer's telephone number
r,,DisplayedOutsideTemp,outside temperature,,,,7300,,,tempv,,,outside temperature
r,,xUnknown75,(constant off),,,,7500,,,onoff,,,
r;w,,KeyCodeforConfigMenu,code for installer menu,,,,7600,,,UIN,,,000-999; code for the installer's menues
r,,xUnknown77,(constant on),,,,7700,,,onoff,,,
r,,xUnknown7E,(constant 0),,,,7E00,,,EXP,,,
r,,xUnknown80,(constant 0),,,,8000,,,EXP,,,
r;w,,xUnknown81,(constant 10),,,,8100,,,EXP,,,
r;w,,xUnknown85,(constant 0/inf),,,,8500,,,tempv,,,
r,,xUnknown86,(constant 60),,,,8600,,,SIN,,,
r,,xUnknown89,(constant 15),,,,8900,,,SIN,,,
r,,xUnknown8A,(constant 1),,,,8A00,,,EXP,,,
r,,xUnknown8B,(constant 55),,,,8B00,,,EXP,,,
r,,xUnknown8C,(constant off),,,,8C00,,,onoff,,,
r,,xUnknown8D,(constant 0),,,,8D00,,,SIN,,,
r,,xUnknown8E,(constant 0),,,,8E00,,,SIN,,,
r,,xUnknown8F,(constant 0),,,,8F00,,,SIN,,,
r;w,,OutsideTempAvg,average outside temperature,,,,9500,,,tempv,,,rounded average outsidetemperature (updated every 3h)
r,,MaintenanceDue,maintenance due,,,,9600,,,yesno,,,shows whether maintenance is due
r,,xUnknown97,(constant off),,,,9700,,,onoff,,,
r,,xUnknown98,(constant off),,,,9800,,,onoff,,,
r,,GreenIQ,,,,,9A00,,,onoff,,,Green IQ mode on thermostat
r,,xUnknown9B,(constant off),,,,9B00,,,onoff,,,
r,,HwcStorageTempTop,hwc storage temperature top,,,,9D00,,,tempv,,,temperature sensor HWC storage top
r,,HwcStorageTempBottom, storage temperature bottom,,,,9E00,,,tempv,,,temperature sensor HWC storage bottom
r,,HcStorageTempTop,hc storage temperature top,,,,9F00,,,tempv,,,temperature sensor HW storage top
r,,HcStorageTempBottom,hc storage temperature bottom,,,,A000,,,tempv,,,temperature sensor HW storage bottom
r,,xUnknownA1,(constant off),,,,A100,,,onoff,,,
r;w,,HwcCylinderOffset,Offset cylinder charge,,,,A200,,,calibrationv,,,Offset storage tank loading. Offset
r,,xUnknownA5,(konstant 0),,,,A500,,,EXP,,,
r,,xUnknownAB,(constant on),,,,AB00,,,onoff,,,
r,,xUnknownAF,(konstant 0),,,,AF00,,,EXP,,,
r,,xUnknownB0,(konstant 0),,,,B000,,,EXP,,,
r,,xUnknownB1,(konstant 0),,,,B100,,,EXP,,,
r,,xUnknownB2,(konstant 4543),,,,B200,,,HEX:*,,,
r,,xUnknownB3,(constant off),,,,B300,,,onoff,,,
r,,xUnknownB5,(constant on),,,,B500,,,onoff,,,
r,,xUnknownB6,(constant off),,,,B600,,,onoff,,,
r,,xUnknownB8,(constant off),,,,B800,,,onoff,,,
r,,xUnknownB9,(konstant 0),,,,B900,,,EXP,,,
r,,xUnknownBA,(konstant 0),,,,BA00,,,EXP,,,
r,,xUnknownBB,(konstant 0),,,,BB00,,,EXP,,,
r,,xUnknownBC,(konstant 0),,,,BC00,,,EXP,,,
r,,xUnknownBD,(konstant 0),,,,BD00,,,EXP,,,
r,,xUnknownBF,(konstant 0),,,,BF00,,,EXP,,,
r,,xUnknownC0,,,,,C000,,,HEX:*,,,
r,,xUnknownC1,,,,,C100,,,HEX:*,,,
r,,xUnknownC2,,,,,C200,,,HEX:*,,,
r,,xUnknownC3,,,,,C300,,,HEX:*,,,
r,,xUnknownC4,,,,,C400,,,HEX:*,,,
r,,xUnknownC5,,,,,C500,,,HEX:*,,,
r,,xUnknownC6,,,,,C600,,,HEX:*,,,
r,,xUnknownC7,,,,,C700,,,HEX:*,,,
r,,xUnknownC8,,,,,C800,,,HEX:*,,,
r,,xUnknownC9,,,,,C900,,,HEX:*,,,
r,,xUnknownCA,,,,,CA00,,,HEX:*,,,
r,,xUnknownCB,,,,,CB00,,,HEX:*,,,
r,,xUnknownCC,,,,,CC00,,,HEX:*,,,
r,,xUnknownCD,,,,,CD00,,,HEX:*,,,
r,,xUnknownCE,,,,,CE00,,,HEX:*,,,
r,,xUnknownCF,,,,,CF00,,,HEX:*,,,
r,,xUnknownD0,,,,,D000,,,HEX:*,,,
r,,xUnknownD1,,,,,D100,,,HEX:*,,,
r,,xUnknownD2,,,,,D200,,,HEX:*,,,
r,,xUnknownD3,,,,,D300,,,HEX:*,,,
r,,xUnknownD4,,,,,D400,,,HEX:*,,,
r,,xUnknownD5,,,,,D500,,,HEX:*,,,
r,,xUnknownD6,,,,,D600,,,HEX:*,,,
r,,xUnknownD7,,,,,D700,,,HEX:*,,,
r,,xUnknownD8,,,,,D800,,,HEX:*,,,
r,,xUnknownD9,,,,,D900,,,HEX:*,,,
r,,xUnknownDA,(konstant 01.01.2019),,,,DA00,,,date,,,
r,,xUnknownDB,(konstant 01.01.2019),,,,DB00,,,date,,,
r,,xUnknownDD,,,,,DD00,,,HEX:*,,,
r,,xUnknownDE,,,,,DE00,,,HEX:*,,,
r,,xUnknownDF,,,,,DF00,,,HEX:*,,,
r,,xUnknownE0,,,,,E000,,,HEX:*,,,
r,,xUnknownE3,,,,,E300,,,HEX:*,,,
r,,xUnknownE4,,,,,E400,,,HEX:*,,,
r,,xUnknownE5,,,,,E500,,,HEX:*,,,
r,,xUnknownE6,,,,,E600,,,HEX:*,,,
r,,xUnknownE7,,,,,E700,,,HEX:*,,,
r,,xUnknownE8,,,,,E800,,,HEX:*,,,
r,,xUnknownE9,,,,,E900,,,HEX:*,,,
r,,xUnknownEA,,,,,EA00,,,HEX:*,,,
r,,xUnknownEB,,,,,EB00,,,HEX:*,,,
r,,xUnknownEC,,,,,EC00,,,HEX:*,,,
r,,xUnknownED,,,,,ED00,,,HEX:*,,,
r,,xUnknownEE,,,,,EE00,,,HEX:*,,,
r,,xUnknownEF,(constant 20),,,,EF00,,,EXP,,,
r,,xUnknownF0,,,,,F000,,,HEX:*,,,
r,,xUnknownF1,,,,,F100,,,HEX:*,,,
r,,xUnknownF2,,,,,F200,,,HEX:*,,,
r,,xUnknownF3,,,,,F300,,,HEX:*,,,
r,,xUnknownF4,,,,,F400,,,HEX:*,,,
r,,xUnknownF5,,,,,F500,,,HEX:*,,,
r,,xUnknownF6,(constant 15),,,,F600,,,EXP,,,
r,,xUnknownF7,(constant 0),,,,F700,,,onoff,,,
r,,xUnknownF8,(constant 0),,,,F800,,,onoff,,,
r,,xUnknownF9,(constant 0),,,,F900,,,onoff,,,
r,,xUnknownFA,(constant 0),,,,FA00,,,onoff,,,
r,,xUnknownFB,(constant 10),,,,FB00,,,EXP,,,
r,,xUnknownFC,(constant 62),,,,FC00,,,EXP,,,
r,,xUnknownFE,(constant 13),,,,FE00,,,EXP,,,
r,,xUnknownFF,(constant 25),,,,FF00,,,EXP,,,
# ##### hot water circuit #####,,,,,,,,,,,,,
*r,,,,,,B524,02000100,,,IGN:4,,,
*w,,,,,,B524,02010100,,,,,,
r;w,,HwcEnabled,,,,,0100,,,yesno,,,Indicates if Hwc is enabled/disabled
r,,HwcCircPumpStatus,,,,,0200,,,onoff,,,Hwc circulation pump status (also turns on during a legionella run)
r;w,,HwcOpMode,HwcOpMode,,,,0300,,,opmode2,,,Planning mode of Hwc
r;w,,HwcTempDesired,Desired Temperature Warm Water Circuit,,,,0400,,,tempv,,,setpoint of domestic hot water circuit
r,,HwcStorageTemp,HwcStorageTemp,,,,0500,,,tempv,,,current hot water storage temperature
r,,HwcReheatingActive,,,,,0600,,,yesno,,,Indicates ongoing hot/legionella water run
r,,HwcUnknown07,(constant 0),,,,0700,,,onoff,,,
r,,HwcFlowTemp,HwcFlowTemp,,,,0800,,,tempv,,,desired flow temp for Hwc
r;w,,HwcHolidayStartDate,,,,,0900,,,hfrom,,,start date of holidays
r;w,,HwcHolidayEndDate,,,,,0A00,,,hto,,,end date of holidays
r;w,,HwcSFMode,HwcSFMode,,,,0D00,,,sfmode,,,valid are at least:auto/onedayaway/load
r,,HwcUnknown0E,(constant 1),,,,0E00,,,onoff,,,
r,,HwcStatus,,,,,0F00,,,zoneStatus,,,
r;w,,HwcHolidayStartTime,,,,,1000,,,HTI,,,
r;w,,HwcHolidayEndTime,,,,,1100,,,HTI,,,
r,,HwcUnknown12,(constant 0),,,,1200,,,onoff,,,
r,,HwcUnknown13,(constant 0),,,,1300,,,onoff,,,
# ##### heating circuit 1 #####,,,,,,,,,,,,,
*r,,,,,,B524,02000200,,,IGN:4,,,
*w,,,,,,B524,02010200,,,,,,
r;w,,Hc1Unknown00,,,,,0000,,,HEX:*,,,
r;w,,Hc1Unknown01,,,,,0100,,,HEX:*,,,
r,,Hc1CircuitType,CircuitType Heating Circuit 1,,,,0200,,,mctype;IGN:1,,,
r;w,,Hc1DesiredReturnTemp,target return temperature Hc1,,,,0400,,,tempv,,,temperature for the increase in return circuit (default 30)
r;w,,Hc1DewPointMonitoring,,,,,0500,,,onoff,,,Dew point monitoring enable/disable for Hc1
r;w,,Hc1CoolingEnabled,,,,,0600,,,onoff,,,Cooling function enable/disable for Hc1
r,,Hc1ActualFlowTempDesired,Actual Desired Flow Temperature Heating Circuit 1,,,,0700,,,tempv,,,current flow temperature setpoint of Hc1
r,,Hc1FlowTemp,Flow Temperature Heating Circuit 1,,,,0800,,,tempv,,,current flow temperature of Hc1
r;w,,Hc1ExtHwcTempDesired,Hc1 desired external HWC temperature,,,,0900,,,tempv,,,Hc1 desired external HWC temperature
r;w,,Hc1DewPointOffset,Hc1 Temperature offset from dew point,,,,0A00,,,tempv,,,Dew point temperature margin for Hc1
r;w,,Hc1ExcessTemp,ExcessTemp Heating Circuit 1,,,,0B00,,,calibrationv,,,excess temperature of Hc1 (flow temperature's setpoint is increased by this value to keep the mixing valve in its control range)
r;w,,Hc1DesiredTemp,Desired Temperature Heating Circuit 1,,,,0C00,,,tempv,,,
r;w,,Hc1DesiredSetbackTemp,,,,,0D00,,,tempv,,,target setback temperatur Hc1 (fixed circuit type)
r;w,,Hc1SetBackMode,,,,,0E00,,,offmode2,,,operation of Hc1 during the setback time
r;w,,Hc1HeatCurve,Heatcurve Heating Circuit 1,,,,0F00,,,EXP,,,heating curve of Hc1
r;w,,Hc1MaxHeatingFlowTempDesired,MaxFlowTempDesired Heating Circuit 1,,,,1000,,,tempv,,,maximum heating flow temperature setpoint (end emphasis) of Hc1
r;w,,Hc1MinCoolingFlowTempDesired,,,,,1100,,,tempv,,,minimum cooling flow temperature setpoint of Hc1 
r;w,,Hc1MinHeatingFlowTempDesired,MinFlowTempDesired Heating Circuit 1,,,,1200,,,tempv,,,minimum heating flow temperature setpoint (end emphasis) of Hc1
r;w,,Hc1ExtHwcOpMode,ExtHwcOpMode,,,,1300,,,opmode2,,,operation mode of external Hwc circuit
r;w,,Hc1SummerTempLimit,Switch off temperature threshold Heating Circuit 1,,,,1400,,,tempv,,,if outside temperature > summer limit => heating is OFF;applies to comfort and night setback setpoint
r;w,,Hc1RoomTempMod,,,,,1500,,,rcmode2,,,room temperature modulation of Hc1
r;w,,Hc1ScreedDryingDay,,,,,1600,,,UIN,,,current day of screed Hc1 drying schedule (1 to 29 0=screed drying off) 
r,,Hc1ScreedDryingDesiredTemp,,,,,1700,,,tempv,,,current Hc1 screed drying desired temp
r,,Hc1ExtHwcActive,,,,,1800,,,onoff,,,
r,,Hc1ExtHeatDemand,,,,,1900,,,onoff,,,indicator of external heat demand for Hc1
r,,Hc1MixerPosition,Mixer Position Heating Circuit 1,,,,1A00,,,EXP,,,"status of mixer (<0 closing, >0 opening)"
r;w,,Hc1Status,Status Heating Circuit 1,,,,1B00,,,UCH,,,status of zone 1
r,,Hc1HeatCurveAdaption,Adaptive Heatcurve Heating Circuit 1,,,,1C00,,,EXP,,,adaption applied to heating curve of Hc1
r;w,,Hc1Unknown1D,(constant off),,,,1D00,,,onoff,,,
r,,Hc1PumpStatus,PumpStatus Hc1,,,,1E00,,,hcpumpstate,,,pump status of Hc1
r;w,,Hc1Unknown1F,(konstant 4),,,,1F00,,,EXP,,,
r;w,,Hc1Unknown20,"(constant 1, 2 in ccoling mode)",,,,2000,,,onoff,,,
# only 'invalid position' messages for higher registers
# ##### heating circuit 2 #####,,,,,,,,,,,,,
*r,,,,,,B524,02000201,,,IGN:4,,,
*w,,,,,,B524,02010201,,,,,,
r,,Hc2CircuitType,CircuitType Heating Circuit 2,,,,0200,,,mctype;IGN:1,,,
r;w,,Hc2DesiredReturnTemp,target return temperature Hc2,,,,0400,,,tempv,,,temperature for the increase in return circuit (default 30)
r;w,,Hc2DewPointMonitoring,,,,,0500,,,onoff,,,Dew point monitoring enable/disable for Hc2
r;w,,Hc2CoolingEnabled,,,,,0600,,,onoff,,,Cooling function enable/disable for Hc2
r,,Hc2ActualFlowTempDesired,Actual Desired Flow Temperature Heating Circuit 2,,,,0700,,,tempv,,,current flow temperature setpoint of Hc2
r,,Hc2FlowTemp,Flow Temperature Heating Circuit 2,,,,0800,,,tempv,,,current flow temperature of Hc2
r;w,,Hc2ExtHwcTempDesired,Hc2 desired external HWC temperature,,,,0900,,,tempv,,,Hc2 desired external HWC temperature
r;w,,Hc2DewPointOffset,Hc1 Temperature offset from dew point,,,,0A00,,,tempv,,,Dew point temperature margin for Hc2
r;w,,Hc2ExcessTemp,ExcessTemp Heating Circuit 2,,,,0B00,,,calibrationv,,,excess temperature of Hc2 (flow temperature's setpoint is increased by this value to keep the mixing valve in its control range)
r;w,,Hc2DesiredTemp,Desired Temperature Heating Circuit 2,,,,0C00,,,tempv,,,
r;w,,Hc2DesiredSetbackTemp,,,,,0D00,,,tempv,,,target setback temperatur Hc2 (fixed circuit type)
r;w,,Hc2SetBackMode,,,,,0E00,,,offmode2,,,operation of Hc2 during the setback time
r;w,,Hc2HeatCurve,Heatingcurve Heating Circuit 2,,,,0F00,,,EXP,,,heating curve of Hc2
r;w,,Hc2MaxHeatingFlowTempDesired,MaxFlowTempDesired Heating Circuit 2,,,,1000,,,tempv,,,maximum heating flow temperature setpoint (end emphasis) of Hc2
r;w,,Hc2MinCoolingFlowTempDesired,,,,,1100,,,tempv,,,minimum cooling flow temperature setpoint of Hc2
r;w,,Hc2MinHeatingFlowTempDesired,MinFlowTempDesired Heating Circuit 2,,,,1200,,,tempv,,,minimum heating flow temperature setpoint (end emphasis) of Hc2
r;w,,Hc2ExtHwcOpMode,ExtHwcOpMode,,,,1300,,,opmode2,,,operation mode of external Hwc circuit
r;w,,Hc2SummerTempLimit,AT-Abschaltgrenz Heating Circuit 2,,,,1400,,,tempv,,,if outside temperature > summer limit => heating is OFF;applies to comfort and night setback setpoint
r;w,,Hc2RoomTempMod,,,,,1500,,,rcmode2,,,room temperature modulation of Hc2
r;w,,Hc2ScreedDryingDay,,,,,1600,,,UIN,,,current day of Hc2 screed drying schedule (1 to 29 0=screed drying off) 
r,,Hc2ScreedDryingDesiredTemp,,,,,1700,,,tempv,,,current Hc2 screed drying desired temp
r,,Hc2ExtHwcActive,,,,,1800,,,onoff,,,
r,,Hc2ExtHeatDemand,,,,,1900,,,onoff,,,indicator of external heat demand for Hc2
r,,Hc2MixerPosition,Mixer Position Heating Circuit 2,,,,1A00,,,EXP,,,"status of mixer (<0 closing, >0 opening)"
r,,Hc2HeatCurveAdaption,Adaption of Heatcurve Heating Circuit 2,,,,1C00,,,EXP,,,adaption applied to heating curve of Hc2
r;w,,Hc2Status,Status Heating Circuit 2,,,,1B00,,,UCH,,,status of zone 2
r,,Hc2PumpStatus,PumpStatus Hc2,,,,1E00,,,hcpumpstate,,,pump status of Hc2
# ##### heating circuit 3 #####,,,,,,,,,,,,,
*r,,,,,,B524,02000202,,,IGN:4,,,
*w,,,,,,B524,02010202,,,,,,
r,,Hc3CircuitType,CircuitType Heating Circuit 3,,,,0200,,,mctype;IGN:1,,,
r;w,,Hc3DesiredReturnTemp,target return temperature Hc3,,,,0400,,,tempv,,,temperature for the increase in return circuit (default 30)
r;w,,Hc3DewPointMonitoring,,,,,0500,,,onoff,,,Dew point monitoring enable/disable for Hc3
r;w,,Hc3CoolingEnabled,,,,,0600,,,onoff,,,Cooling function enable/disable for Hc3
r,,Hc3ActualFlowTempDesired,Actual Desired Flow Temperature Heating Circuit 3,,,,0700,,,tempv,,,current flow temperature setpoint of Hc3
r,,Hc3FlowTemp,Flow Temperature Heating Circuit 3,,,,0800,,,tempv,,,current flow temperature of Hc3
r;w,,Hc3ExtHwcTempDesired,Hc3 desired external HWC temperature,,,,0900,,,tempv,,,Hc3 desired external HWC temperature
r;w,,Hc3DewPointOffset,Hc1 Temperature offset from dew point,,,,0A00,,,tempv,,,Dew point temperature margin for Hc3
r;w,,Hc3ExcessTemp,ExcessTemp Heating Circuit 3,,,,0B00,,,calibrationv,,,excess temperature of Hc3 (flow temperature's setpoint is increased by this value to keep the mixing valve in its control range)
r;w,,Hc3DesiredTemp,Desired Temperature Heating Circuit 3,,,,0C00,,,tempv,,,
r;w,,Hc3DesiredSetbackTemp,,,,,0D00,,,tempv,,,target setback temperatur Hc3 (fixed circuit type)
r;w,,Hc3SetBackMode,,,,,0E00,,,offmode2,,,operation of Hc3 during the setback time
r;w,,Hc3HeatCurve,Heatcurve Heating Circuit 3,,,,0F00,,,EXP,,,heating curve of Hc3
r;w,,Hc3MaxHeatingFlowTempDesired,MaxFlowTempDesired Heating Circuit 3,,,,1000,,,tempv,,,maximum heating flow temperature setpoint (end emphasis) of Hc3
r;w,,Hc3MinCoolingFlowTempDesired,,,,,1100,,,tempv,,,minimum cooling flow temperature setpoint of Hc3
r;w,,Hc3MinHeatingFlowTempDesired,MinFlowTempDesired Heating Circuit 3,,,,1200,,,tempv,,,minimum heating flow temperature setpoint (end emphasis) of Hc3
r;w,,Hc3ExtHwcOpMode,ExtHwcOpMode,,,,1300,,,opmode2,,,operation mode of external Hwc circuit
r;w,,Hc3SummerTempLimit,AT-Abschaltgrenze Heating Circuit 3,,,,1400,,,tempv,,,if outside temperature > summer limit => heating is OFF;applies to comfort and night setback setpoint
r;w,,Hc3RoomTempMod,,,,,1500,,,rcmode2,,,room temperature modulation of Hc3
r;w,,Hc3ScreedDryingDay,,,,,1600,,,UIN,,,current day of Hc3 screed drying schedule (1 to 29 0=screed drying off) 
r,,Hc3ScreedDryingDesiredTemp,,,,,1700,,,tempv,,,current Hc3 screed drying desired temp
r,,Hc3ExtHwcActive,,,,,1800,,,onoff,,,
r,,Hc3ExtHeatDemand,,,,,1900,,,onoff,,,indicator of external heat demand for Hc3
r,,Hc3MixerPosition,Mixer Position Heating Circuit 3,,,,1A00,,,EXP,,,"status of mixer (<0 closing, >0 opening)"
r,,Hc3HeatCurveAdaption,Adaption of Heatcurve Heating Circuit 3,,,,1C00,,,EXP,,,adaption applied to heating curve of Hc3
r;w,,Hc3Status,Status Heating Circuit 3,,,,1B00,,,UCH,,,status of zone 3
r,,Hc3PumpStatus,PumpStatus Hc3,,,,1E00,,,hcpumpstate,,,pump status of Hc3
# ##### zone 1 #####,,,,,,,,,,,,,
*r,,,,,,B524,02000300,,,IGN:4,,,
*w,,,,,,B524,02010300,,,,,,
r;w,,z1Unknown00,,,,,0000,,,HEX:*,,,
r;w,,z1OpModeCooling,Cooling OpMode Zone 1,,,,0100,,,opmode2,,,Cooling operation mode of zone 1
r;w,,z1CoolingRoomTempDesiredTimeControlled,Desired Cooling Room Temperature Zone 1 time controlled,,,,0200,,,tempv,,,manual controlled desired cooling room temperature for zone 1
r;w,,z1HolidayStartDate,,,,,0300,,,hfrom,,,start date of holidays for zone 1
r;w,,z1HolidayEndDate,,,,,0400,,,hto,,,end date of holidays for zone 1
r;w,,z1HolidayTemp,Holiday Period Target Temperature Zone 1,,,,0500,,,tempv,,,holiday setpoint for zone 1
r;w,,z1OpModeHeating,Heating OpMode Zone 1,,,,0600,,,opmode2,,,Heating operation mode of zone 1
r;w,,z1QuickVetoTemp,Quick Veto Temperature Zone 1,,,,0800,,,tempv,,,manual override setpoint for zone 1
r;w,,z1SetBackTemp,Set Back Temperature Zone 1 (time controlled heating),,,,0900,,,tempv,,,set back setpoint for zone 1
r;w,,z1SFMode,SFMode Zone 1,,,,0E00,,,sfmode,,,modes 2=party 4=onedayaway 5=onedayhome officially not supported in VRC720
r,,z1RoomTemp,Actual Room Temperature Zone 1,,,,0F00,,,tempv,,,aktuelle Raumtemperatur in Zone 1
r,,z1Unknown10,,,,,1000,,,HEX:*,,,
r,,z1Unknown11,,,,,1100,,,HEX:*,,,
r;w,,z1ValveStatus,Valve Status Zone 1,,,,1200,,,UCH,,,valve status of zone 1
r;w,,z1RoomZoneMapping,Raumregler Zuordnung Zone 1,,,,1300,,,zmapping,,,configures which room temperature is assigned to zone 1
r,,z1ActualHeatingRoomTempDesired,Actual Desired Heating Room Temperature Zone 1,,,,1400,,,tempv,,,current heating room setpoint considering all basic conditions passed to the control algorithms (0 = heating inactive)
r,,z1ActualCoolingRoomTempDesired,Actual Desired Cooling Room Temperature Zone 1,,,,1500,,,tempv,,,current cooling room setpoint considering all basic conditions passed to the control algorithms (99 = cooling inactive)
r;w,,z1Shortname,Shortname Zone 1,,,,1600,,,STR:*,,,short name of zone 1
r;w,,z1Name1,Name Zone 1 Part 1,,,,1700,,,STR:*,,,name of zone 1
r;w,,z1Name2,Name Zone 1 Part 2,,,,1800,,,STR:*,,,name of zone 1
r,,z1Unknown19,,,,,1900,,,HEX:*,,,
r,,z1Unknown1A,,,,,1A00,,,HEX:*,,,
r,,z1Status,,,,,1B00,,,zoneStatus,,,
r,,z1Unknown1C,,,,,1C00,,,HEX:*,,,
r,,z1QuickVetoEndTime,Quick Veto End Time Zone 1,,,,1E00,,,HTI,,,manual override end time for zone 1
r;w,,z1HolidayEndTime,,,,,2000,,,HTI,,,end time of holidays for zone 1
r;w,,z1HolidayStartTime,,,,,2100,,,HTI,,,start time of holidays for zone 1
r;w,,z1HeatingRoomTempDesiredManualControlled,Desired Heating Room Temperature Zone 1 manual controlled,,,,2200,,,tempv,,,manual controlled desired heating room temperature for zone 1
r;w,,z1CoolingRoomTempDesiredManualControlled,Desired Cooling Room Temperature Zone 1 manual controlled,,,,2300,,,tempv,,,manual controlled desired cooling room temperature for zone 1
r,,z1QuickVetoEndDate,end date of Quick Veto mode Zone 1,,,,2400,,,date,,,Quick Veto mode end date Zone 1
r,,z1Unknown25,,,,,2500,,,HEX:*,,,
r;w,,z1QuickVetoDuration,Duration of Quick Veto mode in Hours Zone 1,,,,2600,,,EXP,,,valid values are 0.5-12 in 0.5 increments (default 3) writing enables quick veto mode
r,,z1Unknown27,,,,,2700,,,HEX:*,,,
r,,z1RoomHumidity,,,,,2800,,,EXP,,%,room humidity zone 1
r,,z1Unknown29,,,,,2900,,,HEX:*,,,
r,,z1Unknown2A,,,,,2A00,,,HEX:*,,,
r,,z1Unknown2B,,,,,2B00,,,HEX:*,,,
r,,z1Unknown2C,,,,,2C00,,,HEX:*,,,
r,,z1Unknown2D,,,,,2D00,,,HEX:*,,,
r,,z1Unknown2E,,,,,2E00,,,HEX:*,,,
# only 'invalid position' messages for higher registers
# ##### zone 2 #####,,,,,,,,,,,,,
*r,,,,,,B524,02000301,,,IGN:4,,,
*w,,,,,,B524,02010301,,,,,,
r;w,,z2OpModeCooling,Cooling OpMode Zone 2,,,,0100,,,opmode2,,,Cooling operation mode of zone 2
r;w,,z2CoolingRoomTempDesiredTimeControlled,Desired Cooling Room Temperature Zone 2 time controlled,,,,0200,,,tempv,,,manual controlled desired cooling room temperature for zone 2
r;w,,z2HolidayStartDate,,,,,0300,,,hfrom,,,start date of holidays for zone 2
r;w,,z2HolidayEndDate,,,,,0400,,,hto,,,end date of holidays for zone 2
r;w,,z2HolidayTemp,Holiday Period Target Temperature Zone 2,,,,0500,,,tempv,,,holiday setpoint for zone 2
r;w,,z2OpModeHeating,Heating OpMode Zone 2,,,,0600,,,opmode2,,,Heatingoperation mode of zone 2
r;w,,z2QuickVetoTemp,Quick Veto Temperature Zone 2,,,,0800,,,tempv,,,manual override setpoint for zone 2
r;w,,z2SetBackTemp,Set Back Temperature Zone 2 (time controlled heating),,,,0900,,,tempv,,,set back setpoint for zone 2
r;w,,z2SFMode,SFMode Zone 2,,,,0E00,,,sfmode,,,modes 2=party 4=onedayaway 5=onedayhome officially not supported in VRC720
r,,z2RoomTemp,Actual Room Temperature Zone 2,,,,0F00,,,tempv,,,aktuelle Raumtemperatur in Zone 2
r;w,,z2ValveStatus,Valve Status Zone 2,,,,1200,,,UCH,,,valve status of zone 2
r;w,,z2RoomZoneMapping,Raumregler Zuordnung Zone 2,,,,1300,,,zmapping,,,configures which room temperature is assigned to zone 2
r,,z2ActualHeatingRoomTempDesired,Actual Desired Heating Room Temperature Zone 2,,,,1400,,,tempv,,,current heating room setpoint considering all basic conditions passed to the control algorithms (0 = heating inactive)
r,,z2ActualCoolingRoomTempDesired,Actual Desired Cooling Room Temperature Zone 2,,,,1500,,,tempv,,,current cooling room setpoint considering all basic conditions passed to the control algorithms (99 = cooling inactive)
r;w,,z2Shortname,Shortname Zone 2,,,,1600,,,STR:*,,,short name of zone 2
r;w,,z2Name1,Name Zone 2 Part 1,,,,1700,,,STR:*,,,name of zone 2
r;w,,z2Name2,Name Zone 2 Part 2,,,,1800,,,STR:*,,,name of zone 2
r,,z2Status,,,,,1B00,,,zoneStatus,,,
r,,z2QuickVetoEndTime,Quick Veto End Time Zone 2,,,,1E00,,,HTI,,,manual override end time for zone 2
r;w,,z2HolidayEndTime,,,,,2000,,,HTI,,,end time of holidays for zone 2
r;w,,z2HolidayStartTime,,,,,2100,,,HTI,,,start time of holidays for zone 2
r;w,,z2HeatingRoomTempDesiredManualControlled,Desired Heating Room Temperature Zone 2 manual controlled,,,,2200,,,tempv,,,manual controlled desired heating room temperature for zone 2
r;w,,z2CoolingRoomTempDesiredManualControlled,Desired Cooling Room Temperature Zone 2 manual controlled,,,,2300,,,tempv,,,manual controlled desired cooling room temperature for zone 2
r,,z2QuickVetoEndDate,end date of Quick Veto mode Zone 2,,,,2400,,,date,,,Quick Veto mode end date Zone 2
r;w,,z2QuickVetoDuration,Duration of Quick Veto mode in Hours Zone 2,,,,2600,,,EXP,,,valid values are 0.5-12 in 0.5 increments (default 3) writing enables quick veto mode
r,,z2RoomHumidity,,,,,2800,,,EXP,,%,room humidity zone 2
# ##### zone 3 #####,,,,,,,,,,,,,
*r,,,,,,B524,02000302,,,IGN:4,,,
*w,,,,,,B524,02010302,,,,,,
r;w,,z3OpModeCooling,Cooling OpMode Zone 3,,,,0100,,,opmode2,,,Cooling operation mode of zone 3
r;w,,z3CoolingRoomTempDesiredTimeControlled,Desired Cooling Room Temperature Zone 3 time controlled,,,,0200,,,tempv,,,manual controlled desired cooling room temperature for zone 3
r;w,,z3HolidayStartDate,,,,,0300,,,hfrom,,,start date of holidays for zone 3
r;w,,z3HolidayEndDate,,,,,0400,,,hto,,,end date of holidays for zone 3
r;w,,z3HolidayTemp,Holiday Period Target Temperature Zone 3,,,,0500,,,tempv,,,holiday setpoint for zone 3
r;w,,z3OpModeHeating,Heating OpMode Zone 3,,,,0600,,,opmode2,,,Heating operation mode of zone 3
r;w,,z3QuickVetoTemp,Quick Veto Temperatur Zone 3,,,,0800,,,tempv,,,manual override setpoint for zone 3
r;w,,z3SetBackTemp,Set Back Temperature Zone 3 (time controlled heating),,,,0900,,,tempv,,,set back setpoint for zone 3
r;w,,z3SFMode,SFMode Zone 3,,,,0E00,,,sfmode,,,modes 2=party 4=onedayaway 5=onedayhome officially not supported in VRC720
r,,z3RoomTemp,Actual Room Temperature Zone 3,,,,0F00,,,tempv,,,aktuelle Raumtemperatur in Zone 3
r;w,,z3ValveStatus,Valve Status Zone 3,,,,1200,,,UCH,,,valve status of zone 3
r;w,,z3RoomZoneMapping,Raumregler Zuordnung Zone 3,,,,1300,,,zmapping,,,configures which room temperature is assigned to zone 3
r,,z3ActualHeatingRoomTempDesired,Actual Desired Heating Room Temperature Zone 3,,,,1400,,,tempv,,,current heating room setpoint considering all basic conditions passed to the control algorithms (0 = heating inactive)
r,,z3ActualCoolingRoomTempDesired,Actual Desired Cooling Room Temperature Zone 3,,,,1500,,,tempv,,,current cooling room setpoint considering all basic conditions passed to the control algorithms (99 = cooling inactive)
r;w,,z3Shortname,Shortname Zone 3,,,,1600,,,STR:*,,,short name of zone 3
r;w,,z3Name1,Name Zone 3 Part 1,,,,1700,,,STR:*,,,name of zone 3
r;w,,z3Name2,Name Zone 3 Part 2,,,,1800,,,STR:*,,,name of zone 3
r,,z3Status,,,,,1B00,,,zoneStatus,,,
r,,z3QuickVetoEndTime,Quick Veto End Time Zone 3,,,,1E00,,,HTI,,,manual override end time for zone 3
r;w,,z3HolidayEndTime,,,,,2000,,,HTI,,,end time of holidays for zone 3
r;w,,z3HolidayStartTime,,,,,2100,,,HTI,,,start time of holidays for zone 3
r;w,,z3HeatingRoomTempDesiredManualControlled,Desired Heating Room Temperature Zone 3 manual controlled,,,,2200,,,tempv,,,manual controlled desired heating room temperature for zone 3
r;w,,z3CoolingRoomTempDesiredManualControlled,Desired Cooling Room Temperature Zone 3 manual controlled,,,,2300,,,tempv,,,manual controlled desired cooling room temperature for zone 3
r,,z3QuickVetoEndDate,end date of Quick Veto mode Zone 3,,,,2400,,,date,,,Quick Veto mode end date Zone 3
r;w,,z3QuickVetoDuration,Duration of Quick Veto mode in Hours Zone 3,,,,2600,,,EXP,,,valid values are 0.5-12 in 0.5 increments (default 3) writing enables quick veto mode
r,,z3RoomHumidity,,,,,2800,,,EXP,,%,room humidity zone 3
# ##### Solar Circuit #####,,,,,,,,,,,,,
*r,,,,,,B524,02000400,,,IGN:4,,,
*w,,,,,,B524,02010400,,,,,,
r,,SolarUnknown01,,,,,0100,,,HEX:*,,,
r;w,,SolarPumpKick,,,,,0200,,,onoff,,,
r,,SolarCollectorTemp,,,,,0300,,,tempv,,,
r;w,,SolarMinCollectorTemp,,,,,0400,,,tempv,,,
r;w,,SolarMaxCollectorTemp,,,,,0500,,,tempv,,,
r,,SolarUnknown06,,,,,0600,,,HEX:*,,,
r,,SolarYieldTemp,,,,,0700,,,tempv,,,
r,,SolarPump,,,,,0800,,,onoff,,,
r,,SolarUnknown09,,,,,0900,,,HEX:*,,,
r,,SolarPumpHours,,,,,0B00,,,hoursum,,,
# ##### Solar Cylinder 1 #####,,,,,,,,,,,,,
*r,,,,,,B524,02000500,,,IGN:4,,,
*w,,,,,,B524,02010500,,,,,,
r;w,,SolarCyl1MaxTemp,,,,,0100,,,tempv,,,maximum cylinder charging temperature (BottomTemp sensor)
r;w,,SolarCyl1SwitchOnDifferential,,,,,0200,,,EXP,,K,charge if the temperature difference between the cylinder temperature sensor at the bottom and the collector temperature sensor is greater
r;w,,SolarCyl1SwitchOffDifferential,,,,,0300,,,EXP,,K,turn charge off if temperature difference between the bottom cylinder temperature sensor and the collector temperature sensor is smaller
r,,SolarCyl1BottomTemp,,,,,0400,,,tempv,,,bottom cylinder temperature sensor
# ##### timers #####,,,,,,,,,,,,,
*r,,,,,,,,,,,,,
r,,unknownValue.a0,(3Zones;HWC&CC = constant value. General configuration?),,,B555,a0,,,HEX:*,,,First = Zones maybe? Rest unknown; needs some other configured ctlv2
# timers hot water,,,,,,,,,,,,,
*r,,,,,,B555,a50002,,,,,,
*w,,,,,,B555,a60002,,,,,,
r,,hwcTimer.Config,timer Configuration(static atm? describes featue set?),,,B555,a30002,,,HEX:9,,,Configuration
r,,hwcTimer.TimeSlotsPerWeekday,Configured slot count for each weekday,,,B555,a40002,,,slotCountWeek,,,Amount of configured slots per weekday
r,,hwcTimer.Monday,timer monday read,,,,00,index,m,UCH,,,,,,rTimeSlotWithoutTemp
w,,hwcTimer.Monday,timer monday write,,,,00,,,wTimeSlotWithoutTemp,,,
r,,hwcTimer.Tuesday,timer tuesday read,,,,01,index,m,UCH,,,,,,rTimeSlotWithoutTemp
w,,hwcTimer.Tuesday,timer tuesday write,,,,01,,,wTimeSlotWithoutTemp,,,
r,,hwcTimer.Wednesday,timer wednesday read,,,,02,index,m,UCH,,,,,,rTimeSlotWithoutTemp
w,,hwcTimer.Wednesday,timer wednesday write,,,,02,,,wTimeSlotWithoutTemp,,,
r,,hwcTimer.Thursday,timer thursday read,,,,03,index,m,UCH,,,,,,rTimeSlotWithoutTemp
w,,hwcTimer.Thursday,timer thursday write,,,,03,,,wTimeSlotWithoutTemp,,,
r,,hwcTimer.Friday,timer friday read,,,,04,index,m,UCH,,,,,,rTimeSlotWithoutTemp
w,,hwcTimer.Friday,timer friday write,,,,04,,,wTimeSlotWithoutTemp,,,
r,,hwcTimer.Saturday,timer saturday read,,,,05,index,m,UCH,,,,,,rTimeSlotWithoutTemp
w,,hwcTimer.Saturday,timer saturday write,,,,05,,,wTimeSlotWithoutTemp,,,
r,,hwcTimer.Sunday,timer sunday read,,,,06,index,m,UCH,,,,,,rTimeSlotWithoutTemp
w,,hwcTimer.Sunday,timer sunday write,,,,06,,,wTimeSlotWithoutTemp,,,
# timers circulation pump,,,,,,,,,,,,,
*r,,,,,,B555,a50003,,,,,,
*w,,,,,,B555,a60003,,,,,,
r,,ccTimer.Config,timer Configuration(static atm? describes featue set?),,,B555,a30003,,,HEX:9,,,Configuration
r,,ccTimer.TimeSlotsPerWeekday,Configured slot count for each weekday,,,B555,a40003,,,slotCountWeek,,,Amount of configured slots per weekday
r,,ccTimer.Monday,timer monday read,,,,00,index,m,UCH,,,,,,rTimeSlotWithoutTemp
w,,ccTimer.Monday,timer monday write,,,,00,,,wTimeSlotWithoutTemp,,,
r,,ccTimer.Tuesday,timer tuesday read,,,,01,index,m,UCH,,,,,,rTimeSlotWithoutTemp
w,,ccTimer.Tuesday,timer tuesday write,,,,01,,,wTimeSlotWithoutTemp,,,
r,,ccTimer.Wednesday,timer wednesday read,,,,02,index,m,UCH,,,,,,rTimeSlotWithoutTemp
w,,ccTimer.Wednesday,timer wednesday write,,,,02,,,wTimeSlotWithoutTemp,,,
r,,ccTimer.Thursday,timer thursday read,,,,03,index,m,UCH,,,,,,rTimeSlotWithoutTemp
w,,ccTimer.Thursday,timer thursday write,,,,03,,,wTimeSlotWithoutTemp,,,
r,,ccTimer.Friday,timer friday read,,,,04,index,m,UCH,,,,,,rTimeSlotWithoutTemp
w,,ccTimer.Friday,timer friday write,,,,04,,,wTimeSlotWithoutTemp,,,
r,,ccTimer.Saturday,timer saturday read,,,,05,index,m,UCH,,,,,,rTimeSlotWithoutTemp
w,,ccTimer.Saturday,timer saturday write,,,,05,,,wTimeSlotWithoutTemp,,,
r,,ccTimer.Sunday,timer sunday read,,,,06,index,m,UCH,,,,,,rTimeSlotWithoutTemp
w,,ccTimer.Sunday,timer sunday write,,,,06,,,wTimeSlotWithoutTemp,,,
# Timers silent mode,,,,,,,,,,,,,
*r,,,,,,B555,a50004,,,,,,
*w,,,,,,B555,a60004,,,,,,
r,,silentTimer.Config,timer Configuration(static atm? describes featue set?),,,B555,a30004,,,HEX:9,,,Configuration
r,,silentTimer.TimeSlotsPerWeekday,Configured slot count for each weekday,,,B555,a40004,,,slotCountWeek,,,Amount of configured slots per weekday
r,,silentTimer.Monday,timer monday read,,,,00,index,m,UCH,,,,,,rTimeSlotWithoutTemp
w,,silentTimer.Monday,timer monday write,,,,00,,,wTimeSlotWithoutTemp,,,
r,,silentTimer.Tuesday,timer tuesday read,,,,01,index,m,UCH,,,,,,rTimeSlotWithoutTemp
w,,silentTimer.Tuesday,timer tuesday write,,,,01,,,wTimeSlotWithoutTemp,,,
r,,silentTimer.Wednesday,timer wednesday read,,,,02,index,m,UCH,,,,,,rTimeSlotWithoutTemp
w,,silentTimer.Wednesday,timer wednesday write,,,,02,,,wTimeSlotWithoutTemp,,,
r,,silentTimer.Thursday,timer thursday read,,,,03,index,m,UCH,,,,,,rTimeSlotWithoutTemp
w,,silentTimer.Thursday,timer thursday write,,,,03,,,wTimeSlotWithoutTemp,,,
r,,silentTimer.Friday,timer friday read,,,,04,index,m,UCH,,,,,,rTimeSlotWithoutTemp
w,,silentTimer.Friday,timer friday write,,,,04,,,wTimeSlotWithoutTemp,,,
r,,silentTimer.Saturday,timer saturday read,,,,05,index,m,UCH,,,,,,rTimeSlotWithoutTemp
w,,silentTimer.Saturday,timer saturday write,,,,05,,,wTimeSlotWithoutTemp,,,
r,,silentTimer.Sunday,timer sunday read,,,,06,index,m,UCH,,,,,,rTimeSlotWithoutTemp
w,,silentTimer.Sunday,timer sunday write,,,,06,,,wTimeSlotWithoutTemp,,,
# Heating timers zone 1,,,,,,,,,,,,,
*r,,,,,,B555,a50000,,,,,,
*w,,,,,,B555,a60000,,,,,,
r,,z1HTimer.Config,timer heating Configuration(static atm? describes featue set?),,,B555,a30000,,,HEX:9,,,Configuration
r,,z1HTimer.TimeSlotsPerWeekday,Configured slot count for each weekday,,,B555,a40000,,,slotCountWeek,,,Amount of configured slots per weekday
r,,z1HTimer.Monday,timer heating monday read,,,,00,index,m,UCH,,,,,,rTimeSlotWithTemp
w,,z1HTimer.Monday,timer heating monday write,,,,00,,,wTimeSlotWithTemp,,,
r,,z1HTimer.Tuesday,timer heating tuesday read,,,,01,index,m,UCH,,,,,,rTimeSlotWithTemp
w,,z1HTimer.Tuesday,timer heating tuesday write,,,,01,,,wTimeSlotWithTemp,,,
r,,z1HTimer.Wednesday,timer heating wednesday read,,,,02,index,m,UCH,,,,,,rTimeSlotWithTemp
w,,z1HTimer.Wednesday,timer heating wednesday write,,,,02,,,wTimeSlotWithTemp,,,
r,,z1HTimer.Thursday,timer heating thursday read,,,,03,index,m,UCH,,,,,,rTimeSlotWithTemp
w,,z1HTimer.Thursday,timer heating thursday write,,,,03,,,wTimeSlotWithTemp,,,
r,,z1HTimer.Friday,timer heating friday read ,,,,04,index,m,UCH,,,,,,rTimeSlotWithTemp
w,,z1HTimer.Friday,timer heating friday write,,,,04,,,wTimeSlotWithTemp,,,
r,,z1HTimer.Saturday,timer heating saturday read ,,,,05,index,m,UCH,,,,,,rTimeSlotWithTemp
w,,z1HTimer.Saturday,timer heating saturday write,,,,05,,,wTimeSlotWithTemp,,,
r,,z1HTimer.Sunday,timer heating sunday read,,,,06,index,m,UCH,,,,,,rTimeSlotWithTemp
w,,z1HTimer.Sunday,timer heating sunday write,,,,06,,,wTimeSlotWithTemp,,,
# Cooling timers zone 1,,,,,,,,,,,,,
*r,,,,,,B555,a50001,,,,,,
*w,,,,,,B555,a60001,,,,,,
r,,z1CTimer.Config,timer cooling Configuration(static atm? describes featue set?),,,B555,a30001,,,HEX:9,,,Configuration
r,,z1CTimer.TimeSlotsPerWeekday,Configured slot count for each weekday,,,B555,a40001,,,slotCountWeek,,,Amount of configured slots per weekday
r,,z1CTimer.Monday,timer cooling monday read,,,,00,index,m,UCH,,,,,,rTimeSlotWithTemp
w,,z1CTimer.Monday,timer cooling monday write,,,,00,,,wTimeSlotWithoutTemp,,,
r,,z1CTimer.Tuesday,timer cooling tuesday read,,,,01,index,m,UCH,,,,,,rTimeSlotWithTemp
w,,z1CTimer.Tuesday,timer cooling tuesday write,,,,01,,,wTimeSlotWithoutTemp,,,
r,,z1CTimer.Wednesday,timer cooling wednesday read,,,,02,index,m,UCH,,,,,,rTimeSlotWithTemp
w,,z1CTimer.Wednesday,timer cooling wednesday write,,,,02,,,wTimeSlotWithoutTemp,,,
r,,z1CTimer.Thursday,timer cooling thursday read,,,,03,index,m,UCH,,,,,,rTimeSlotWithTemp
w,,z1CTimer.Thursday,timer cooling thursday write,,,,03,,,wTimeSlotWithoutTemp,,,
r,,z1CTimer.Friday,timer cooling friday read,,,,04,index,m,UCH,,,,,,rTimeSlotWithTemp
w,,z1CTimer.Friday,timer cooling friday write,,,,04,,,wTimeSlotWithoutTemp,,,
r,,z1CTimer.Saturday,timer cooling saturday read,,,,05,index,m,UCH,,,,,,rTimeSlotWithTemp
w,,z1CTimer.Saturday,timer cooling saturday write,,,,05,,,wTimeSlotWithoutTemp,,,
r,,z1CTimer.Sunday,timer cooling sunday read,,,,06,index,m,UCH,,,,,,rTimeSlotWithTemp
w,,z1CTimer.Sunday,timer cooling sunday write,,,,06,,,wTimeSlotWithoutTemp,,,
# Heating timers zone 2,,,,,,,,,,,,,
*r,,,,,,B555,a50100,,,,,,
*w,,,,,,B555,a60100,,,,,,
r,,z2HTimer.Config,timer heating Configuration(static atm? describes featue set?),,,B555,a30100,,,HEX:9,,,Configuration
r,,z2HTimer.TimeSlotsPerWeekday,Configured slot count for each weekday,,,B555,a40100,,,slotCountWeek,,,Amount of configured slots per weekday
r,,z2HTimer.Monday,timer heating monday read,,,,00,index,m,UCH,,,,,,rTimeSlotWithTemp
w,,z2HTimer.Monday,timer heating monday write,,,,00,,,wTimeSlotWithTemp,,,
r,,z2HTimer.Tuesday,timer heating tuesday read,,,,01,index,m,UCH,,,,,,rTimeSlotWithTemp
w,,z2HTimer.Tuesday,timer heating tuesday write,,,,01,,,wTimeSlotWithTemp,,,
r,,z2HTimer.Wednesday,timer heating wednesday read,,,,02,index,m,UCH,,,,,,rTimeSlotWithTemp
w,,z2HTimer.Wednesday,timer heating wednesday write,,,,02,,,wTimeSlotWithTemp,,,
r,,z2HTimer.Thursday,timer heating thursday read,,,,03,index,m,UCH,,,,,,rTimeSlotWithTemp
w,,z2HTimer.Thursday,timer heating thursday write,,,,03,,,wTimeSlotWithTemp,,,
r,,z2HTimer.Friday,timer heating friday read ,,,,04,index,m,UCH,,,,,,rTimeSlotWithTemp
w,,z2HTimer.Friday,timer heating friday write,,,,04,,,wTimeSlotWithTemp,,,
r,,z2HTimer.Saturday,timer heating saturday read ,,,,05,index,m,UCH,,,,,,rTimeSlotWithTemp
w,,z2HTimer.Saturday,timer heating saturday write,,,,05,,,wTimeSlotWithTemp,,,
r,,z2HTimer.Sunday,timer heating sunday read,,,,06,index,m,UCH,,,,,,rTimeSlotWithTemp
w,,z2HTimer.Sunday,timer heating sunday write,,,,06,,,wTimeSlotWithTemp,,,
# Cooling timers zone 2,,,,,,,,,,,,,
*r,,,,,,B555,a50101,,,,,,
*w,,,,,,B555,a60101,,,,,,
r,,z2CTimer.Config,timer cooling Configuration(static atm? describes featue set?),,,B555,a30101,,,HEX:9,,,Configuration
r,,z2CTimer.TimeSlotsPerWeekday,Configured slot count for each weekday,,,B555,a40101,,,slotCountWeek,,,Amount of configured slots per weekday
r,,z2CTimer.Monday,timer cooling monday read,,,,00,index,m,UCH,,,,,,rTimeSlotWithTemp
w,,z2CTimer.Monday,timer cooling monday write,,,,00,,,wTimeSlotWithoutTemp,,,
r,,z2CTimer.Tuesday,timer cooling tuesday read,,,,01,index,m,UCH,,,,,,rTimeSlotWithTemp
w,,z2CTimer.Tuesday,timer cooling tuesday write,,,,01,,,wTimeSlotWithoutTemp,,,
r,,z2CTimer.Wednesday,timer cooling wednesday read,,,,02,index,m,UCH,,,,,,rTimeSlotWithTemp
w,,z2CTimer.Wednesday,timer cooling wednesday write,,,,02,,,wTimeSlotWithoutTemp,,,
r,,z2CTimer.Thursday,timer cooling thursday read,,,,03,index,m,UCH,,,,,,rTimeSlotWithTemp
w,,z2CTimer.Thursday,timer cooling thursday write,,,,03,,,wTimeSlotWithoutTemp,,,
r,,z2CTimer.Friday,timer cooling friday read,,,,04,index,m,UCH,,,,,,rTimeSlotWithTemp
w,,z2CTimer.Friday,timer cooling friday write,,,,04,,,wTimeSlotWithoutTemp,,,
r,,z2CTimer.Saturday,timer cooling saturday read,,,,05,index,m,UCH,,,,,,rTimeSlotWithTemp
w,,z2CTimer.Saturday,timer cooling saturday write,,,,05,,,wTimeSlotWithoutTemp,,,
r,,z2CTimer.Sunday,timer cooling sunday read,,,,06,index,m,UCH,,,,,,rTimeSlotWithTemp
w,,z2CTimer.Sunday,timer cooling sunday write,,,,06,,,wTimeSlotWithoutTemp,,,
# Heating timers zone 3,,,,,,,,,,,,,
*r,,,,,,B555,a50200,,,,,,
*w,,,,,,B555,a60200,,,,,,
r,,z3HTimer.Config,timer heating Configuration(static atm? describes featue set?),,,B555,a30200,,,HEX:9,,,Configuration
r,,z3HTimer.TimeSlotsPerWeekday,Configured slot count for each weekday,,,B555,a40200,,,slotCountWeek,,,Amount of configured slots per weekday
r,,z3HTimer.Monday,timer heating monday read,,,,00,index,m,UCH,,,,,,rTimeSlotWithTemp
w,,z3HTimer.Monday,timer heating monday write,,,,00,,,wTimeSlotWithTemp,,,
r,,z3HTimer.Tuesday,timer heating tuesday read,,,,01,index,m,UCH,,,,,,rTimeSlotWithTemp
w,,z3HTimer.Tuesday,timer heating tuesday write,,,,01,,,wTimeSlotWithTemp,,,
r,,z3HTimer.Wednesday,timer heating wednesday read,,,,02,index,m,UCH,,,,,,rTimeSlotWithTemp
w,,z3HTimer.Wednesday,timer heating wednesday write,,,,02,,,wTimeSlotWithTemp,,,
r,,z3HTimer.Thursday,timer heating thursday read,,,,03,index,m,UCH,,,,,,rTimeSlotWithTemp
w,,z3HTimer.Thursday,timer heating thursday write,,,,03,,,wTimeSlotWithTemp,,,
r,,z3HTimer.Friday,timer heating friday read ,,,,04,index,m,UCH,,,,,,rTimeSlotWithTemp
w,,z3HTimer.Friday,timer heating friday write,,,,04,,,wTimeSlotWithTemp,,,
r,,z3HTimer.Saturday,timer heating saturday read ,,,,05,index,m,UCH,,,,,,rTimeSlotWithTemp
w,,z3HTimer.Saturday,timer heating saturday write,,,,05,,,wTimeSlotWithTemp,,,
r,,z3HTimer.Sunday,timer heating sunday read,,,,06,index,m,UCH,,,,,,rTimeSlotWithTemp
w,,z3HTimer.Sunday,timer heating sunday write,,,,06,,,wTimeSlotWithTemp,,,
# Cooling timers zone 3,,,,,,,,,,,,,
*r,,,,,,B555,a50201,,,,,,
*w,,,,,,B555,a60201,,,,,,
r,,z3CTimer.Config,timer cooling Configuration(static atm? describes featue set?),,,B555,a30201,,,HEX:9,,,Configuration
r,,z3CTimer.TimeSlotsPerWeekday,Configured slot count for each weekday,,,B555,a40201,,,slotCountWeek,,,Amount of configured slots per weekday
r,,z3CTimer.Monday,timer cooling monday read,,,,00,index,m,UCH,,,,,,rTimeSlotWithTemp
w,,z3CTimer.Monday,timer cooling monday write,,,,00,,,wTimeSlotWithoutTemp,,,
r,,z3CTimer.Tuesday,timer cooling tuesday read,,,,01,index,m,UCH,,,,,,rTimeSlotWithTemp
w,,z3CTimer.Tuesday,timer cooling tuesday write,,,,01,,,wTimeSlotWithoutTemp,,,
r,,z3CTimer.Wednesday,timer cooling wednesday read,,,,02,index,m,UCH,,,,,,rTimeSlotWithTemp
w,,z3CTimer.Wednesday,timer cooling wednesday write,,,,02,,,wTimeSlotWithoutTemp,,,
r,,z3CTimer.Thursday,timer cooling thursday read,,,,03,index,m,UCH,,,,,,rTimeSlotWithTemp
w,,z3CTimer.Thursday,timer cooling thursday write,,,,03,,,wTimeSlotWithoutTemp,,,
r,,z3CTimer.Friday,timer cooling friday read,,,,04,index,m,UCH,,,,,,rTimeSlotWithTemp
w,,z3CTimer.Friday,timer cooling friday write,,,,04,,,wTimeSlotWithoutTemp,,,
r,,z3CTimer.Saturday,timer cooling saturday read,,,,05,index,m,UCH,,,,,,rTimeSlotWithTemp
w,,z3CTimer.Saturday,timer cooling saturday write,,,,05,,,wTimeSlotWithoutTemp,,,
r,,z3CTimer.Sunday,timer cooling sunday read,,,,06,index,m,UCH,,,,,,rTimeSlotWithTemp
w,,z3CTimer.Sunday,timer cooling sunday write,,,,06,,,wTimeSlotWithoutTemp,,,
# broadcast,,,,,,,,,,,,,
*r,broadcast,,,,,,,,,IGN:1,,,
*b,broadcast,,,,FE,,,,,IGN:1,,,
*w,broadcast,,,,FE,,,,,,,,
#b,,NoiseReduction,noise reduction state,,,b508,,onoff,,onoff,,,
# includes,,,,,,,,,,,,,
!include,errors.inc,,,,,,,,,,,,
